-- FIELD_TYPE
INSERT INTO FIELD_TYPE(id, name, bonus) VALUES (1, 'Normal', (SELECT trunc(random() * 25 + 1) FROM generate_series(1,1)));
INSERT INTO FIELD_TYPE(id, name, bonus) VALUES (2, 'Fire', (SELECT trunc(random() * 25 + 1) FROM generate_series(1,1)));
INSERT INTO FIELD_TYPE(id, name, bonus) VALUES (3, 'Water', (SELECT trunc(random() * 25 + 1) FROM generate_series(1,1)));
INSERT INTO FIELD_TYPE(id, name, bonus) VALUES (4, 'Electric', (SELECT trunc(random() * 25 + 1) FROM generate_series(1,1)));
INSERT INTO FIELD_TYPE(id, name, bonus) VALUES (5, 'Grass', (SELECT trunc(random() * 25 + 1) FROM generate_series(1,1)));
INSERT INTO FIELD_TYPE(id, name, bonus) VALUES (6, 'Ice', (SELECT trunc(random() * 25 + 1) FROM generate_series(1,1)));
INSERT INTO FIELD_TYPE(id, name, bonus) VALUES (7, 'Fighting', (SELECT trunc(random() * 25 + 1) FROM generate_series(1,1)));
INSERT INTO FIELD_TYPE(id, name, bonus) VALUES (8, 'Poison', (SELECT trunc(random() * 25 + 1) FROM generate_series(1,1)));
INSERT INTO FIELD_TYPE(id, name, bonus) VALUES (9, 'Ground', (SELECT trunc(random() * 25 + 1) FROM generate_series(1,1)));
INSERT INTO FIELD_TYPE(id, name, bonus) VALUES (10, 'Flying', (SELECT trunc(random() * 25 + 1) FROM generate_series(1,1)));
INSERT INTO FIELD_TYPE(id, name, bonus) VALUES (11, 'Psychic', (SELECT trunc(random() * 25 + 1) FROM generate_series(1,1)));
INSERT INTO FIELD_TYPE(id, name, bonus) VALUES (12, 'Bug', (SELECT trunc(random() * 25 + 1) FROM generate_series(1,1)));
INSERT INTO FIELD_TYPE(id, name, bonus) VALUES (13, 'Rock', (SELECT trunc(random() * 25 + 1) FROM generate_series(1,1)));
INSERT INTO FIELD_TYPE(id, name, bonus) VALUES (14, 'Ghost', (SELECT trunc(random() * 25 + 1) FROM generate_series(1,1)));
INSERT INTO FIELD_TYPE(id, name, bonus) VALUES (15, 'Dragon', (SELECT trunc(random() * 25 + 1) FROM generate_series(1,1)));
INSERT INTO FIELD_TYPE(id, name, bonus) VALUES (16, 'Dark', (SELECT trunc(random() * 25 + 1) FROM generate_series(1,1)));
INSERT INTO FIELD_TYPE(id, name, bonus) VALUES (17, 'Steel', (SELECT trunc(random() * 25 + 1) FROM generate_series(1,1)));
INSERT INTO FIELD_TYPE(id, name, bonus) VALUES (18, 'Fairy', (SELECT trunc(random() * 25 + 1) FROM generate_series(1,1)));

-- TYPE
INSERT INTO TYPE(id, name) VALUES (1, 'Normal');
INSERT INTO TYPE(id, name) VALUES (2, 'Fire');
INSERT INTO TYPE(id, name) VALUES (3, 'Water');
INSERT INTO TYPE(id, name) VALUES (4, 'Grass');
INSERT INTO TYPE(id, name) VALUES (5, 'Electric');
INSERT INTO TYPE(id, name) VALUES (6, 'Ice');
INSERT INTO TYPE(id, name) VALUES (7, 'Fighting');
INSERT INTO TYPE(id, name) VALUES (8, 'Poison');
INSERT INTO TYPE(id, name) VALUES (9, 'Ground');
INSERT INTO TYPE(id, name) VALUES (10, 'Flying');
INSERT INTO TYPE(id, name) VALUES (11, 'Psychic');
INSERT INTO TYPE(id, name) VALUES (12, 'Bug');
INSERT INTO TYPE(id, name) VALUES (13, 'Rock');
INSERT INTO TYPE(id, name) VALUES (14, 'Ghost');
INSERT INTO TYPE(id, name) VALUES (15, 'Dragon');
INSERT INTO TYPE(id, name) VALUES (16, 'Dark');
INSERT INTO TYPE(id, name) VALUES (17, 'Steel');
INSERT INTO TYPE(id, name) VALUES (18, 'Fairy');

-- DEFENCE_ITEMS
INSERT INTO DEFENCE_ITEMS(id, name, healing_Value) VALUES (1, 'Evolite', (SELECT trunc(random() * 25 + 1) FROM generate_series(1,1)));
INSERT INTO DEFENCE_ITEMS(id, name, healing_Value) VALUES (2, 'Lum Berry', (SELECT trunc(random() * 25 + 1) FROM generate_series(1,1)));
INSERT INTO DEFENCE_ITEMS(id, name, healing_Value) VALUES (3, 'Lucky Egg', (SELECT trunc(random() * 25 + 1) FROM generate_series(1,1)));
INSERT INTO DEFENCE_ITEMS(id, name, healing_Value) VALUES (4, 'Metronome', (SELECT trunc(random() * 25 + 1) FROM generate_series(1,1)));
INSERT INTO DEFENCE_ITEMS(id, name, healing_Value) VALUES (5, 'Quick Claw', (SELECT trunc(random() * 25 + 1) FROM generate_series(1,1)));
INSERT INTO DEFENCE_ITEMS(id, name, healing_Value) VALUES (6, 'Air Balloon', (SELECT trunc(random() * 25 + 1) FROM generate_series(1,1)));
INSERT INTO DEFENCE_ITEMS(id, name, healing_Value) VALUES (7, 'Healing Berries', (SELECT trunc(random() * 25 + 1) FROM generate_series(1,1)));
INSERT INTO DEFENCE_ITEMS(id, name, healing_Value) VALUES (8, 'Sitrus Berry', (SELECT trunc(random() * 25 + 1) FROM generate_series(1,1)));
INSERT INTO DEFENCE_ITEMS(id, name, healing_Value) VALUES (9, 'Focus Sash', (SELECT trunc(random() * 25 + 1) FROM generate_series(1,1)));
INSERT INTO DEFENCE_ITEMS(id, name, healing_Value) VALUES (10, 'Choice Band', (SELECT trunc(random() * 25 + 1) FROM generate_series(1,1)));

-- POKEMON_CARD
INSERT INTO POKEMON_CARD (ID, ATTACK_VALUE, DEFAULT_HEALTH, NAME, POKEMON_TYPE) VALUES (1, 50, 95, 'Cubone', 9);
INSERT INTO POKEMON_CARD (ID, ATTACK_VALUE, DEFAULT_HEALTH, NAME, POKEMON_TYPE) VALUES (2, 45, 115, 'Jigglypuff', 1);
INSERT INTO POKEMON_CARD (ID, ATTACK_VALUE, DEFAULT_HEALTH, NAME, POKEMON_TYPE) VALUES (3, 90, 85, 'Crobat', 8);
INSERT INTO POKEMON_CARD (ID, ATTACK_VALUE, DEFAULT_HEALTH, NAME, POKEMON_TYPE) VALUES (4, 125, 80, 'Heracross', 12);
INSERT INTO POKEMON_CARD (ID, ATTACK_VALUE, DEFAULT_HEALTH, NAME, POKEMON_TYPE) VALUES (5, 75, 90, 'Politoed', 3);
INSERT INTO POKEMON_CARD (ID, ATTACK_VALUE, DEFAULT_HEALTH, NAME, POKEMON_TYPE) VALUES (6, 120, 70, 'Weavile', 16);
INSERT INTO POKEMON_CARD (ID, ATTACK_VALUE, DEFAULT_HEALTH, NAME, POKEMON_TYPE) VALUES (7, 80, 80, 'Ludicolo', 4);
INSERT INTO POKEMON_CARD (ID, ATTACK_VALUE, DEFAULT_HEALTH, NAME, POKEMON_TYPE) VALUES (8, 100, 95, 'Samurott', 3);
INSERT INTO POKEMON_CARD (ID, ATTACK_VALUE, DEFAULT_HEALTH, NAME, POKEMON_TYPE) VALUES (9, 10, 225, 'Blissey', 1);
INSERT INTO POKEMON_CARD (ID, ATTACK_VALUE, DEFAULT_HEALTH, NAME, POKEMON_TYPE) VALUES (10, 80, 85, 'Porygon-Z', 1);
INSERT INTO POKEMON_CARD (ID, ATTACK_VALUE, DEFAULT_HEALTH, NAME, POKEMON_TYPE) VALUES (11, 86, 84, 'Empoleon', 3);
INSERT INTO POKEMON_CARD (ID, ATTACK_VALUE, DEFAULT_HEALTH, NAME, POKEMON_TYPE) VALUES (12, 65, 68, 'Gardevoir', 11);
INSERT INTO POKEMON_CARD (ID, ATTACK_VALUE, DEFAULT_HEALTH, NAME, POKEMON_TYPE) VALUES (13, 92, 50, 'Spiritomb', 14);
INSERT INTO POKEMON_CARD (ID, ATTACK_VALUE, DEFAULT_HEALTH, NAME, POKEMON_TYPE) VALUES (14, 160, 150, 'Slaking', 1);
INSERT INTO POKEMON_CARD (ID, ATTACK_VALUE, DEFAULT_HEALTH, NAME, POKEMON_TYPE) VALUES (15, 120, 80, 'Blaziken', 2);
INSERT INTO POKEMON_CARD (ID, ATTACK_VALUE, DEFAULT_HEALTH, NAME, POKEMON_TYPE) VALUES (16, 150, 105, 'Rayquaza', 15);
INSERT INTO POKEMON_CARD (ID, ATTACK_VALUE, DEFAULT_HEALTH, NAME, POKEMON_TYPE) VALUES (17, 105, 92, 'Hydreigon', 16);
INSERT INTO POKEMON_CARD (ID, ATTACK_VALUE, DEFAULT_HEALTH, NAME, POKEMON_TYPE) VALUES (18, 85, 70, 'Sceptile', 4);
INSERT INTO POKEMON_CARD (ID, ATTACK_VALUE, DEFAULT_HEALTH, NAME, POKEMON_TYPE) VALUES (19, 60, 60, 'Gengar', 14);
INSERT INTO POKEMON_CARD (ID, ATTACK_VALUE, DEFAULT_HEALTH, NAME, POKEMON_TYPE) VALUES (20, 76, 73, 'Ninetales', 2);
INSERT INTO POKEMON_CARD (ID, ATTACK_VALUE, DEFAULT_HEALTH, NAME, POKEMON_TYPE) VALUES (21, 130, 106, 'Lugia', 11);
INSERT INTO POKEMON_CARD (ID, ATTACK_VALUE, DEFAULT_HEALTH, NAME, POKEMON_TYPE) VALUES (22, 85, 130, 'Lapras', 6);
INSERT INTO POKEMON_CARD (ID, ATTACK_VALUE, DEFAULT_HEALTH, NAME, POKEMON_TYPE) VALUES (23, 110, 70, 'Lucario', 7);
INSERT INTO POKEMON_CARD (ID, ATTACK_VALUE, DEFAULT_HEALTH, NAME, POKEMON_TYPE) VALUES (24, 125, 90, 'Gyarados', 3);
INSERT INTO POKEMON_CARD (ID, ATTACK_VALUE, DEFAULT_HEALTH, NAME, POKEMON_TYPE) VALUES (25, 120, 100, 'Dialga', 17);
INSERT INTO POKEMON_CARD (ID, ATTACK_VALUE, DEFAULT_HEALTH, NAME, POKEMON_TYPE) VALUES (26, 55, 35, 'Pikachu', 5);
INSERT INTO POKEMON_CARD (ID, ATTACK_VALUE, DEFAULT_HEALTH, NAME, POKEMON_TYPE) VALUES (27, 90, 1, 'Shedinja', 12);
INSERT INTO POKEMON_CARD (ID, ATTACK_VALUE, DEFAULT_HEALTH, NAME, POKEMON_TYPE) VALUES (28, 130, 91, 'Dragonite', 15);
INSERT INTO POKEMON_CARD (ID, ATTACK_VALUE, DEFAULT_HEALTH, NAME, POKEMON_TYPE) VALUES (29, 65, 130, 'Vaporeon', 3);
INSERT INTO POKEMON_CARD (ID, ATTACK_VALUE, DEFAULT_HEALTH, NAME, POKEMON_TYPE) VALUES (30, 75, 75, 'Serperior', 4);
INSERT INTO POKEMON_CARD (ID, ATTACK_VALUE, DEFAULT_HEALTH, NAME, POKEMON_TYPE) VALUES (31, 130, 106, 'Ho-Oh', 2);
INSERT INTO POKEMON_CARD (ID, ATTACK_VALUE, DEFAULT_HEALTH, NAME, POKEMON_TYPE) VALUES (32, 95, 75, 'Kingdra', 3);
INSERT INTO POKEMON_CARD (ID, ATTACK_VALUE, DEFAULT_HEALTH, NAME, POKEMON_TYPE) VALUES (33, 124, 89, 'Golurk', 9);
INSERT INTO POKEMON_CARD (ID, ATTACK_VALUE, DEFAULT_HEALTH, NAME, POKEMON_TYPE) VALUES (34, 65, 65, 'Espeon', 11);
INSERT INTO POKEMON_CARD (ID, ATTACK_VALUE, DEFAULT_HEALTH, NAME, POKEMON_TYPE) VALUES (35, 125, 65, 'Mienshao', 7);
INSERT INTO POKEMON_CARD (ID, ATTACK_VALUE, DEFAULT_HEALTH, NAME, POKEMON_TYPE) VALUES (36, 120, 120, 'Arceus', 1);
INSERT INTO POKEMON_CARD (ID, ATTACK_VALUE, DEFAULT_HEALTH, NAME, POKEMON_TYPE) VALUES (37, 147, 76, 'Haxorus', 15);
INSERT INTO POKEMON_CARD (ID, ATTACK_VALUE, DEFAULT_HEALTH, NAME, POKEMON_TYPE) VALUES (38, 130, 125, 'Kyurem', 15);
INSERT INTO POKEMON_CARD (ID, ATTACK_VALUE, DEFAULT_HEALTH, NAME, POKEMON_TYPE) VALUES (39, 60, 95, 'Milotic', 3);
INSERT INTO POKEMON_CARD (ID, ATTACK_VALUE, DEFAULT_HEALTH, NAME, POKEMON_TYPE) VALUES (40, 104, 78, 'Charizard', 2);
INSERT INTO POKEMON_CARD (ID, ATTACK_VALUE, DEFAULT_HEALTH, NAME, POKEMON_TYPE) VALUES (41, 110, 106, 'Mewtwo', 11);
INSERT INTO POKEMON_CARD (ID, ATTACK_VALUE, DEFAULT_HEALTH, NAME, POKEMON_TYPE) VALUES (42, 60, 85, 'Volcarona', 12);
INSERT INTO POKEMON_CARD (ID, ATTACK_VALUE, DEFAULT_HEALTH, NAME, POKEMON_TYPE) VALUES (43, 110, 160, 'Snorlax', 1);
INSERT INTO POKEMON_CARD (ID, ATTACK_VALUE, DEFAULT_HEALTH, NAME, POKEMON_TYPE) VALUES (44, 55, 55, 'Eevee', 1);
INSERT INTO POKEMON_CARD (ID, ATTACK_VALUE, DEFAULT_HEALTH, NAME, POKEMON_TYPE) VALUES (45, 134, 100, 'Tyranitar', 13);
INSERT INTO POKEMON_CARD (ID, ATTACK_VALUE, DEFAULT_HEALTH, NAME, POKEMON_TYPE) VALUES (46, 105, 60, 'Zoroark', 16);
INSERT INTO POKEMON_CARD (ID, ATTACK_VALUE, DEFAULT_HEALTH, NAME, POKEMON_TYPE) VALUES (47, 135, 80, 'Metagross', 17);
INSERT INTO POKEMON_CARD (ID, ATTACK_VALUE, DEFAULT_HEALTH, NAME, POKEMON_TYPE) VALUES (48, 100, 80, 'Venusaur', 8);
INSERT INTO POKEMON_CARD (ID, ATTACK_VALUE, DEFAULT_HEALTH, NAME, POKEMON_TYPE) VALUES (49, 130, 108, 'Garchomp', 15);
INSERT INTO POKEMON_CARD (ID, ATTACK_VALUE, DEFAULT_HEALTH, NAME, POKEMON_TYPE) VALUES (50, 75, 100, 'Suicune', 3);

-- TYPE_CHART
insert into TYPE_CHART (ID, pokemon_type_id, pokemon_type_id_strong_to) VALUES (1, 1, 13);
insert into TYPE_CHART (ID, pokemon_type_id, pokemon_type_id_strong_to) VALUES (2, 1, 14);
insert into TYPE_CHART (ID, pokemon_type_id, pokemon_type_id_strong_to) VALUES (3, 1, 17);
insert into TYPE_CHART (ID, pokemon_type_id, pokemon_type_id_strong_to) VALUES (4, 2, 4);
insert into TYPE_CHART (ID, pokemon_type_id, pokemon_type_id_strong_to) VALUES (5, 2, 6);
insert into TYPE_CHART (ID, pokemon_type_id, pokemon_type_id_strong_to) VALUES (6, 2, 12);
insert into TYPE_CHART (ID, pokemon_type_id, pokemon_type_id_strong_to) VALUES (7, 2, 17);
insert into TYPE_CHART (ID, pokemon_type_id, pokemon_type_id_strong_to) VALUES (8, 3, 2);
insert into TYPE_CHART (ID, pokemon_type_id, pokemon_type_id_strong_to) VALUES (9, 3, 9);
insert into TYPE_CHART (ID, pokemon_type_id, pokemon_type_id_strong_to) VALUES (10, 3, 13);
insert into TYPE_CHART (ID, pokemon_type_id, pokemon_type_id_strong_to) VALUES (11, 4, 3);
insert into TYPE_CHART (ID, pokemon_type_id, pokemon_type_id_strong_to) VALUES (12, 4, 9);
insert into TYPE_CHART (ID, pokemon_type_id, pokemon_type_id_strong_to) VALUES (13, 4, 13);
insert into TYPE_CHART (ID, pokemon_type_id, pokemon_type_id_strong_to) VALUES (14, 5, 3);
insert into TYPE_CHART (ID, pokemon_type_id, pokemon_type_id_strong_to) VALUES (15, 5, 10);
insert into TYPE_CHART (ID, pokemon_type_id, pokemon_type_id_strong_to) VALUES (16, 6, 4);
insert into TYPE_CHART (ID, pokemon_type_id, pokemon_type_id_strong_to) VALUES (17, 6, 9);
insert into TYPE_CHART (ID, pokemon_type_id, pokemon_type_id_strong_to) VALUES (18, 6, 10);
insert into TYPE_CHART (ID, pokemon_type_id, pokemon_type_id_strong_to) VALUES (19, 6, 15);
insert into TYPE_CHART (ID, pokemon_type_id, pokemon_type_id_strong_to) VALUES (20, 7, 1);
insert into TYPE_CHART (ID, pokemon_type_id, pokemon_type_id_strong_to) VALUES (21, 7, 6);
insert into TYPE_CHART (ID, pokemon_type_id, pokemon_type_id_strong_to) VALUES (22, 7, 13);
insert into TYPE_CHART (ID, pokemon_type_id, pokemon_type_id_strong_to) VALUES (23, 7, 16);
insert into TYPE_CHART (ID, pokemon_type_id, pokemon_type_id_strong_to) VALUES (24, 7, 17);
insert into TYPE_CHART (ID, pokemon_type_id, pokemon_type_id_strong_to) VALUES (25, 8, 4);
insert into TYPE_CHART (ID, pokemon_type_id, pokemon_type_id_strong_to) VALUES (26, 8, 18);
insert into TYPE_CHART (ID, pokemon_type_id, pokemon_type_id_strong_to) VALUES (27, 9, 2);
insert into TYPE_CHART (ID, pokemon_type_id, pokemon_type_id_strong_to) VALUES (28, 9, 5);
insert into TYPE_CHART (ID, pokemon_type_id, pokemon_type_id_strong_to) VALUES (29, 9, 8);
insert into TYPE_CHART (ID, pokemon_type_id, pokemon_type_id_strong_to) VALUES (30, 9, 13);
insert into TYPE_CHART (ID, pokemon_type_id, pokemon_type_id_strong_to) VALUES (31, 9, 17);
insert into TYPE_CHART (ID, pokemon_type_id, pokemon_type_id_strong_to) VALUES (32, 10, 4);
insert into TYPE_CHART (ID, pokemon_type_id, pokemon_type_id_strong_to) VALUES (33, 10, 7);
insert into TYPE_CHART (ID, pokemon_type_id, pokemon_type_id_strong_to) VALUES (34, 10, 12);
insert into TYPE_CHART (ID, pokemon_type_id, pokemon_type_id_strong_to) VALUES (35, 11, 7);
insert into TYPE_CHART (ID, pokemon_type_id, pokemon_type_id_strong_to) VALUES (36, 11, 8);
insert into TYPE_CHART (ID, pokemon_type_id, pokemon_type_id_strong_to) VALUES (37, 12, 4);
insert into TYPE_CHART (ID, pokemon_type_id, pokemon_type_id_strong_to) VALUES (38, 12, 11);
insert into TYPE_CHART (ID, pokemon_type_id, pokemon_type_id_strong_to) VALUES (39, 12, 16);
insert into TYPE_CHART (ID, pokemon_type_id, pokemon_type_id_strong_to) VALUES (40, 13, 2);
insert into TYPE_CHART (ID, pokemon_type_id, pokemon_type_id_strong_to) VALUES (41, 13, 4);
insert into TYPE_CHART (ID, pokemon_type_id, pokemon_type_id_strong_to) VALUES (42, 13, 10);
insert into TYPE_CHART (ID, pokemon_type_id, pokemon_type_id_strong_to) VALUES (43, 13, 12);
insert into TYPE_CHART (ID, pokemon_type_id, pokemon_type_id_strong_to) VALUES (44, 14, 11);
insert into TYPE_CHART (ID, pokemon_type_id, pokemon_type_id_strong_to) VALUES (45, 14, 14);
insert into TYPE_CHART (ID, pokemon_type_id, pokemon_type_id_strong_to) VALUES (46, 15, 15);
insert into TYPE_CHART (ID, pokemon_type_id, pokemon_type_id_strong_to) VALUES (47, 16, 11);
insert into TYPE_CHART (ID, pokemon_type_id, pokemon_type_id_strong_to) VALUES (48, 16, 14);
insert into TYPE_CHART (ID, pokemon_type_id, pokemon_type_id_strong_to) VALUES (49, 17, 6);
insert into TYPE_CHART (ID, pokemon_type_id, pokemon_type_id_strong_to) VALUES (50, 17, 13);
insert into TYPE_CHART (ID, pokemon_type_id, pokemon_type_id_strong_to) VALUES (51, 17, 17);
insert into TYPE_CHART (ID, pokemon_type_id, pokemon_type_id_strong_to) VALUES (52, 18, 7);
insert into TYPE_CHART (ID, pokemon_type_id, pokemon_type_id_strong_to) VALUES (53, 18, 15);
insert into TYPE_CHART (ID, pokemon_type_id, pokemon_type_id_strong_to) VALUES (54, 18, 16);

-- FIELD_TYPE_CHART
INSERT INTO FIELD_TYPE_CHART (id, field_type_id, type_id) VALUES (1, 1, 13);
INSERT INTO FIELD_TYPE_CHART (id, field_type_id, type_id) VALUES (2, 1, 14);
INSERT INTO FIELD_TYPE_CHART (id, field_type_id, type_id) VALUES (3, 1, 17);
INSERT INTO FIELD_TYPE_CHART (id, field_type_id, type_id) VALUES (4, 2, 3);
INSERT INTO FIELD_TYPE_CHART (id, field_type_id, type_id) VALUES (5, 2, 13);
INSERT INTO FIELD_TYPE_CHART (id, field_type_id, type_id) VALUES (6, 2, 15);
INSERT INTO FIELD_TYPE_CHART (id, field_type_id, type_id) VALUES (7, 3, 4);
INSERT INTO FIELD_TYPE_CHART (id, field_type_id, type_id) VALUES (8, 3, 15);
INSERT INTO FIELD_TYPE_CHART (id, field_type_id, type_id) VALUES (9, 4, 4);
INSERT INTO FIELD_TYPE_CHART (id, field_type_id, type_id) VALUES (10, 4, 9);
INSERT INTO FIELD_TYPE_CHART (id, field_type_id, type_id) VALUES (11, 4, 15);
INSERT INTO FIELD_TYPE_CHART (id, field_type_id, type_id) VALUES (12, 5, 2);
INSERT INTO FIELD_TYPE_CHART (id, field_type_id, type_id) VALUES (13, 5, 8);
INSERT INTO FIELD_TYPE_CHART (id, field_type_id, type_id) VALUES (14, 5, 10);
INSERT INTO FIELD_TYPE_CHART (id, field_type_id, type_id) VALUES (15, 5, 12);
INSERT INTO FIELD_TYPE_CHART (id, field_type_id, type_id) VALUES (16, 5, 15);
INSERT INTO FIELD_TYPE_CHART (id, field_type_id, type_id) VALUES (17, 5, 17);
INSERT INTO FIELD_TYPE_CHART (id, field_type_id, type_id) VALUES (18, 6, 2);
INSERT INTO FIELD_TYPE_CHART (id, field_type_id, type_id) VALUES (19, 6, 3);
INSERT INTO FIELD_TYPE_CHART (id, field_type_id, type_id) VALUES (20, 6, 17);
INSERT INTO FIELD_TYPE_CHART (id, field_type_id, type_id) VALUES (21, 7, 8);
INSERT INTO FIELD_TYPE_CHART (id, field_type_id, type_id) VALUES (22, 7, 10);
INSERT INTO FIELD_TYPE_CHART (id, field_type_id, type_id) VALUES (23, 7, 11);
INSERT INTO FIELD_TYPE_CHART (id, field_type_id, type_id) VALUES (24, 7, 12);
INSERT INTO FIELD_TYPE_CHART (id, field_type_id, type_id) VALUES (25, 7, 14);
INSERT INTO FIELD_TYPE_CHART (id, field_type_id, type_id) VALUES (26, 7, 18);
INSERT INTO FIELD_TYPE_CHART (id, field_type_id, type_id) VALUES (30, 8, 8);
INSERT INTO FIELD_TYPE_CHART (id, field_type_id, type_id) VALUES (31, 8, 13);
INSERT INTO FIELD_TYPE_CHART (id, field_type_id, type_id) VALUES (32, 8, 14);
INSERT INTO FIELD_TYPE_CHART (id, field_type_id, type_id) VALUES (33, 8, 17);
INSERT INTO FIELD_TYPE_CHART (id, field_type_id, type_id) VALUES (34, 9, 4);
INSERT INTO FIELD_TYPE_CHART (id, field_type_id, type_id) VALUES (35, 9, 10);
INSERT INTO FIELD_TYPE_CHART (id, field_type_id, type_id) VALUES (36, 9, 12);
INSERT INTO FIELD_TYPE_CHART (id, field_type_id, type_id) VALUES (37, 10, 5);
INSERT INTO FIELD_TYPE_CHART (id, field_type_id, type_id) VALUES (38, 10, 13);
INSERT INTO FIELD_TYPE_CHART (id, field_type_id, type_id) VALUES (39, 10, 17);
INSERT INTO FIELD_TYPE_CHART (id, field_type_id, type_id) VALUES (40, 11, 16);
INSERT INTO FIELD_TYPE_CHART (id, field_type_id, type_id) VALUES (41, 11, 17);
INSERT INTO FIELD_TYPE_CHART (id, field_type_id, type_id) VALUES (42, 12, 2);
INSERT INTO FIELD_TYPE_CHART (id, field_type_id, type_id) VALUES (43, 12, 7);
INSERT INTO FIELD_TYPE_CHART (id, field_type_id, type_id) VALUES (44, 12, 8);
INSERT INTO FIELD_TYPE_CHART (id, field_type_id, type_id) VALUES (45, 12, 10);
INSERT INTO FIELD_TYPE_CHART (id, field_type_id, type_id) VALUES (46, 12, 14);
INSERT INTO FIELD_TYPE_CHART (id, field_type_id, type_id) VALUES (47, 12, 17);
INSERT INTO FIELD_TYPE_CHART (id, field_type_id, type_id) VALUES (48, 12, 18);
INSERT INTO FIELD_TYPE_CHART (id, field_type_id, type_id) VALUES (50, 13, 7);
INSERT INTO FIELD_TYPE_CHART (id, field_type_id, type_id) VALUES (51, 13, 9);
INSERT INTO FIELD_TYPE_CHART (id, field_type_id, type_id) VALUES (52, 13, 17);
INSERT INTO FIELD_TYPE_CHART (id, field_type_id, type_id) VALUES (53, 14, 1);
INSERT INTO FIELD_TYPE_CHART (id, field_type_id, type_id) VALUES (54, 14, 16);
INSERT INTO FIELD_TYPE_CHART (id, field_type_id, type_id) VALUES (55, 15, 17);
INSERT INTO FIELD_TYPE_CHART (id, field_type_id, type_id) VALUES (56, 15, 18);
INSERT INTO FIELD_TYPE_CHART (id, field_type_id, type_id) VALUES (57, 16, 7);
INSERT INTO FIELD_TYPE_CHART (id, field_type_id, type_id) VALUES (58, 16, 18);
INSERT INTO FIELD_TYPE_CHART (id, field_type_id, type_id) VALUES (59, 17, 2);
INSERT INTO FIELD_TYPE_CHART (id, field_type_id, type_id) VALUES (60, 17, 4);
INSERT INTO FIELD_TYPE_CHART (id, field_type_id, type_id) VALUES (61, 17, 5);
INSERT INTO FIELD_TYPE_CHART (id, field_type_id, type_id) VALUES (62, 18, 2);
INSERT INTO FIELD_TYPE_CHART (id, field_type_id, type_id) VALUES (63, 18, 8);
INSERT INTO FIELD_TYPE_CHART (id, field_type_id, type_id) VALUES (64, 18, 17);